{"all_component_ids": [0, 1, 2, 3, 4, 5, 6, 7, 8, 9, 10, 11, 12, 13, 14, 15, 16, 17, 18, 19, 20, 21, 22, 23, 24, 25, 26, 27, 28, 29, 30, 31, 32, 33, 34, 35, 36, 37, 38, 39, 40, 41, 42, 43, 44, 45, 46, 47, 48, 49, 50, 51, 52, 55, 56, 57, 58, 59, 60, 63, 64, 65, 66, 67, 68, 70, 71, 72, 73, 74, 75, 76, 77, 78, 79, 80, 81, 82, 83, 84, 85, 86, 87, 88, 89, 90, 91, 92, 93, 94, 95, 96, 97, 98, 99, 100, 101, 102, 103, 104, 105, 106, 107, 108, 109, 110, 111, 112, 113, 114, 115, 116, 117, 118, 119, 120, 121, 122, 123, 124, 125, 126, 127], "subject_ids": [0, 1, 2, 3, 4, 5, 6, 7], "min_val": [4.039681434631348, 4.349338531494141, 4.055178165435791, 4.187954902648926, 4.762622356414795, 3.4525058269500732, 4.155630588531494, 5.299679279327393, 3.530890941619873, 3.2932255268096924, 2.9579691886901855, 5.035635471343994, 4.027335166931152, 4.424251556396484, 5.082736492156982, 4.692083358764648, 3.0928585529327393, 4.261241912841797, 3.7199008464813232, 4.615965843200684, 5.1221747398376465, 3.7660365104675293, 4.276857852935791, 4.954144477844238, 5.04820442199707, 5.361658096313477, 3.7970268726348877, 3.324732780456543, 3.7722439765930176, 4.718109130859375, 4.602673530578613, 3.870299816131592, 4.596334457397461, 4.578221797943115, 4.028550148010254, 3.4200572967529297, 3.762639284133911, 4.095827102661133, 3.9627246856689453, 3.6838231086730957, 2.7364158630371094, 4.146212100982666, 3.3027710914611816, 4.622684001922607, 5.699207782745361, 4.955527305603027, 3.50679087638855, 2.7831504344940186, 3.6744816303253174, 3.639747142791748, 4.190733909606934, 3.959646701812744, 5.2562079429626465, 3.7831645011901855, 4.364731311798096, 3.7387988567352295, 4.038727283477783, 4.5685858726501465, 2.9559385776519775, 3.5345771312713623, 4.386509895324707, 3.9420695304870605, 3.995103120803833, 4.941328525543213, 4.700425148010254, 3.2670505046844482, 2.6537344455718994, 3.1423838138580322, 4.531394004821777, 4.579078197479248, 3.2368574142456055, 4.636386871337891, 4.080979347229004, 5.051692962646484, 3.358285427093506, 3.046119213104248, 4.368967533111572, 3.050352096557617, 2.3405942916870117, 4.273105621337891, 5.404775142669678, 3.892845630645752, 3.2235500812530518, 3.0443813800811768, 4.124085903167725, 5.312990665435791, 3.317579746246338, 3.713090181350708, 5.0155768394470215, 3.970633029937744, 4.5802531242370605, 5.126140117645264, 2.8938822746276855, 2.7263476848602295, 4.040242671966553, 2.785242795944214, 4.547463417053223, 3.4816417694091797, 3.624513864517212, 2.646697521209717, 4.367005348205566, 2.914128065109253, 2.911850929260254, 3.442875862121582, 4.306840419769287, 3.7087748050689697, 3.4910008907318115, 4.779689788818359, 4.657794952392578, 4.641202449798584, 4.08366584777832, 4.778339385986328, 4.919148921966553, 4.942948818206787, 5.5684003829956055, 4.108661651611328, 2.800605297088623, 3.963881015777588, 4.269194602966309, 2.749410629272461, 3.496619701385498, 4.348836421966553, 3.200296401977539, 3.7702999114990234, 4.5730671882629395, 4.31744909286499, 3.870359420776367, 4.261043548583984], "max_val": [7.277568817138672, 7.247374057769775, 7.065194129943848, 7.7717719078063965, 8.467523574829102, 7.506968021392822, 7.144876956939697, 8.57734489440918, 7.706634521484375, 7.088994979858398, 6.719080448150635, 8.55213451385498, 7.755743026733398, 8.10009479522705, 8.813725471496582, 8.057462692260742, 6.650328636169434, 7.9792914390563965, 7.346682548522949, 8.365748405456543, 8.334782600402832, 7.8413920402526855, 7.66483211517334, 8.809795379638672, 8.908791542053223, 8.57190990447998, 7.066230297088623, 6.284254550933838, 7.023104667663574, 8.259211540222168, 8.604209899902344, 7.642469882965088, 8.895641326904297, 8.125452995300293, 7.466935157775879, 7.6510329246521, 7.444060325622559, 7.9533867835998535, 7.691744327545166, 6.956494331359863, 5.982585430145264, 7.630236625671387, 6.262369155883789, 8.192039489746094, 9.883735656738281, 8.44148063659668, 7.319953441619873, 6.06633996963501, 6.984925270080566, 8.005815505981445, 8.404683113098145, 8.233375549316406, 9.61827278137207, 7.013820171356201, 7.855055809020996, 7.488748550415039, 7.965948104858398, 7.749655723571777, 6.0287089347839355, 7.2479023933410645, 7.706467628479004, 8.461288452148438, 7.1471781730651855, 8.43552303314209, 7.816734790802002, 6.626780986785889, 6.116934776306152, 6.8687663078308105, 7.299994468688965, 8.356221199035645, 6.374680519104004, 7.971189975738525, 7.751645565032959, 9.942017555236816, 6.861639976501465, 6.314238548278809, 8.138633728027344, 6.349337577819824, 5.877893924713135, 8.354275703430176, 9.389982223510742, 6.955410957336426, 6.310732841491699, 6.044219017028809, 7.849833011627197, 9.598264694213867, 6.50466251373291, 6.959113121032715, 9.68375301361084, 7.837968349456787, 8.498805046081543, 8.136561393737793, 5.963999271392822, 6.2387824058532715, 7.639368057250977, 6.31653356552124, 7.888051509857178, 6.476136207580566, 7.862697124481201, 6.845643043518066, 7.707193851470947, 6.586287498474121, 6.5270209312438965, 6.5959343910217285, 7.699487686157227, 7.024944305419922, 6.854371070861816, 8.062167167663574, 8.206507682800293, 7.813631534576416, 8.156206130981445, 7.999544620513916, 7.879233360290527, 8.504565238952637, 7.854260444641113, 7.044766902923584, 6.792239189147949, 7.3993048667907715, 8.062787055969238, 6.2492828369140625, 7.39160680770874, 7.477404594421387, 7.002681732177734, 7.002449989318848, 7.733022689819336, 8.24876594543457, 7.558420658111572, 7.8064045906066895], "mean_val": [5.712510585784912, 5.797527313232422, 5.670409202575684, 5.782500267028809, 6.538712978363037, 5.537957191467285, 5.709021091461182, 7.216464996337891, 5.4164557456970215, 5.056642055511475, 4.742673397064209, 7.099876880645752, 5.949742317199707, 6.389536380767822, 7.223031044006348, 6.6318182945251465, 4.666384220123291, 6.118422031402588, 5.409303188323975, 6.827540874481201, 6.829752445220947, 5.879631519317627, 5.98697566986084, 7.113551616668701, 7.31613826751709, 7.331606864929199, 5.324337005615234, 4.517848014831543, 5.398665428161621, 6.5706257820129395, 6.828104496002197, 5.888195037841797, 7.04818868637085, 6.514276504516602, 5.871132850646973, 5.524156093597412, 5.626238822937012, 6.251309394836426, 5.63930082321167, 5.243312358856201, 4.164195537567139, 5.746553897857666, 4.6208343505859375, 6.5571980476379395, 8.1636381149292, 6.710021018981934, 5.383678436279297, 4.200310230255127, 5.244716644287109, 6.044793128967285, 6.4156012535095215, 6.011784076690674, 7.833700180053711, 5.285114288330078, 6.248037338256836, 5.517473220825195, 6.033152103424072, 6.400660991668701, 4.203464508056641, 5.288670063018799, 6.157508373260498, 6.367061614990234, 5.504392147064209, 6.778000831604004, 6.152568340301514, 4.910871505737305, 4.107221603393555, 4.979068756103516, 5.837550163269043, 6.488467216491699, 4.538205146789551, 6.344210624694824, 5.847203731536865, 7.871844291687012, 5.016074180603027, 4.66978120803833, 6.226579189300537, 4.510210037231445, 3.845979928970337, 6.24651575088501, 7.69851016998291, 5.411870956420898, 4.752272605895996, 4.4402174949646, 6.013448715209961, 7.918392181396484, 4.905780792236328, 5.168990612030029, 7.817110538482666, 5.990121364593506, 6.645846366882324, 6.744986534118652, 4.331851482391357, 4.4373979568481445, 5.82837438583374, 4.419316291809082, 6.179358959197998, 4.903780460357666, 5.7345452308654785, 4.544538974761963, 6.207262992858887, 4.596717357635498, 4.33030891418457, 5.009227275848389, 6.0544281005859375, 5.341466426849365, 5.070840835571289, 6.419622421264648, 6.461965084075928, 6.209095001220703, 6.254308223724365, 6.336378574371338, 6.338771343231201, 6.838816165924072, 6.676906108856201, 5.359586238861084, 4.483089447021484, 5.762787342071533, 6.300879955291748, 4.252317428588867, 5.391289234161377, 5.910388946533203, 4.903571128845215, 5.3822784423828125, 6.262247085571289, 6.3310370445251465, 5.851876258850098, 6.217179775238037],