{"all_component_ids": [0, 1, 2, 3, 4, 5, 6, 7, 8, 9, 10, 11, 12, 13, 14, 15, 16, 17, 18, 19, 20, 21, 22, 23, 24, 25, 26, 27, 28, 29, 30, 31, 32, 33, 34, 35, 36, 37, 38, 39, 40, 41, 42, 43, 44, 45, 46, 47, 48, 49, 50, 51, 52, 55, 56, 57, 58, 59, 60, 63, 64, 65, 66, 67, 68, 70, 71, 72, 73, 74, 75, 76, 77, 78, 79, 80, 81, 82, 83, 84, 85, 86, 87, 88, 89, 90, 91, 92, 93, 94, 95, 96, 97, 98, 99, 100, 101, 102, 103, 104, 105, 106, 107, 108, 109, 110, 111, 112, 113, 114, 115, 116, 117, 118, 119, 120, 121, 122, 123, 124, 125, 126, 127], "subject_ids": [0, 1, 2, 3, 4, 5, 6, 7], "min_val": [3.565455198287964, 3.655097484588623, 3.0832464694976807, 5.316109657287598, 4.042064666748047, 1.1415939331054688, 3.7875449657440186, 1.4485758543014526, 3.1821129322052, 3.067682981491089, 4.810941219329834, 1.2780946493148804, 2.405290126800537, 3.0067336559295654, 1.6796001195907593, 2.6688592433929443, 1.927257776260376, 1.9073847532272339, 6.682950019836426, 1.891412615776062, 2.4366719722747803, 1.459629774093628, 4.050821781158447, 1.1677558422088623, 2.064897060394287, 1.9732776880264282, 3.898876667022705, 1.8876159191131592, 1.9597716331481934, 2.981621503829956, 1.3092797994613647, 2.835909605026245, 1.1179884672164917, 2.0068416595458984, 1.768877625465393, 1.7418848276138306, 1.2245184183120728, 1.457896113395691, 4.238561153411865, 3.3836967945098877, 4.652508735656738, 2.90142822265625, 2.2317655086517334, 1.9483754634857178, 1.1485804319381714, 3.8916099071502686, 1.8063288927078247, 1.859562873840332, 4.434897422790527, 1.2317323684692383, 1.3574165105819702, 1.1526644229888916, 1.4762468338012695, 2.765218496322632, 1.255234718322754, 2.385164737701416, 1.627659797668457, 1.8828600645065308, 1.8218072652816772, 5.5873260498046875, 3.9038496017456055, 1.4225401878356934, 4.460568904876709, 3.1569178104400635, 2.90748929977417, 2.599491596221924, 1.2994863986968994, 1.6257951259613037, 3.8128108978271484, 2.706998586654663, 3.712862253189087, 2.2921879291534424, 4.880005836486816, 1.380955696105957, 4.874248504638672, 2.3681819438934326, 2.527967929840088, 3.383631706237793, 1.761899709701538, 2.385744333267212, 1.153394341468811, 4.477730751037598, 3.4360997676849365, 3.3841495513916016, 3.6476128101348877, 1.6504427194595337, 3.051238536834717, 4.897469520568848, 1.2056429386138916, 3.2319495677948, 1.4685810804367065, 2.300853729248047, 2.089806079864502, 2.3883485794067383, 2.5107429027557373, 1.7194559574127197, 2.632777690887451, 2.0368151664733887, 2.569612741470337, 1.6815046072006226, 2.0785813331604004, 6.642607688903809, 1.1753789186477661, 2.4441494941711426, 3.6565439701080322, 4.794071197509766, 3.1060853004455566, 3.7713634967803955, 3.865973711013794, 3.861473798751831, 1.3992061614990234, 5.264809608459473, 3.6041147708892822, 1.7782304286956787, 5.91765832901001, 7.011115550994873, 2.514528274536133, 3.642282485961914, 2.7046453952789307, 3.503225088119507, 4.964152812957764, 2.3025972843170166, 2.9048726558685303, 2.04423189163208, 4.070434093475342, 2.0037591457366943, 1.7605336904525757, 1.3782116174697876], "max_val": [17.5101375579834, 15.742256164550781, 15.174460411071777, 40.628326416015625, 24.803977966308594, 4.550205707550049, 21.963125228881836, 3.98606538772583, 20.167770385742188, 13.287569999694824, 30.664310455322266, 3.5445873737335205, 11.946022033691406, 19.03670310974121, 8.487385749816895, 10.76654052734375, 8.465754508972168, 6.386772632598877, 34.115604400634766, 10.856721878051758, 10.681879997253418, 5.051571846008301, 21.778982162475586, 2.4855666160583496, 6.507552146911621, 3.8392693996429443, 22.180721282958984, 5.682843208312988, 15.440424919128418, 14.6993989944458, 4.570511341094971, 11.469339370727539, 4.988516807556152, 9.0693359375, 9.505224227905273, 9.439299583435059, 3.6660945415496826, 4.1691389083862305, 23.635881423950195, 16.39486312866211, 36.20064926147461, 12.503031730651855, 13.040091514587402, 9.778642654418945, 2.926037549972534, 13.843581199645996, 7.533383369445801, 7.047182559967041, 33.26247787475586, 6.942148685455322, 5.340465545654297, 3.4342331886291504, 6.597713470458984, 16.024600982666016, 3.2467470169067383, 12.70033073425293, 7.149552822113037, 6.704935550689697, 7.20474100112915, 35.443275451660156, 21.695261001586914, 7.83501672744751, 25.325212478637695, 14.306407928466797, 16.045209884643555, 11.254944801330566, 4.465845584869385, 9.868392944335938, 17.66851043701172, 10.9771146774292, 20.595821380615234, 7.330350399017334, 36.038578033447266, 4.246657371520996, 35.877037048339844, 13.502424240112305, 13.356337547302246, 19.742780685424805, 6.222086429595947, 13.937979698181152, 2.986201763153076, 24.90289306640625, 15.811534881591797, 24.023977279663086, 23.81537628173828, 6.78427267074585, 17.19649314880371, 27.691604614257812, 3.5432469844818115, 18.968101501464844, 9.387529373168945, 7.290377616882324, 6.55713415145874, 16.181819915771484, 10.5603666305542, 10.809483528137207, 9.361273765563965, 6.7357635498046875, 8.43291187286377, 9.921456336975098, 11.462809562683105, 39.28919219970703, 3.8582589626312256, 13.381150245666504, 20.93904685974121, 40.628265380859375, 15.453465461730957, 18.597766876220703, 21.94716453552246, 15.650489807128906, 6.874719619750977, 25.376476287841797, 18.052936553955078, 6.825887680053711, 16.11764907836914, 31.653047561645508, 14.85712718963623, 23.145484924316406, 16.929508209228516, 30.143054962158203, 41.91938781738281, 11.517078399658203, 15.641393661499023, 9.947418212890625, 22.82277488708496, 11.934882164001465, 7.457860469818115, 5.0248637199401855],